unit,vehicle,geo\time	2018 	2017 	2016 	2015 	2014 	2013 	2012 	2011 	2010 	2009 	2008 	2007 	2006 	2005 	2004 	2003 	2002 	2001 	2000 	1999 
NR,ANI_RD,BE	0 	0 	0 	1 	1 	0 	: 	: 	0 	: 	: 	: 	: 	: 	: 	: 	: 	: 	: 	: 
NR,ANI_RD,BG	6 	5 	6 	5 	3 	5 	12 	7 	9 	: 	: 	: 	: 	: 	: 	: 	: 	: 	: 	: 
NR,ANI_RD,DK	0 	0 	0 	1 	0 	1 	0 	0 	: 	: 	: 	: 	: 	: 	: 	: 	: 	: 	: 	: 
NR,ANI_RD,EE	0 	: 	: 	: 	: 	: 	: 	: 	: 	: 	: 	: 	: 	: 	: 	: 	: 	: 	: 	: 
NR,ANI_RD,HR	0 	: 	0 	: 	: 	: 	: 	: 	: 	: 	: 	: 	: 	: 	: 	: 	: 	: 	: 	: 
NR,ANI_RD,HU	1 	1 	3 	2 	2 	0 	5 	6 	3 	: 	: 	: 	: 	: 	: 	: 	: 	: 	: 	: 
NR,ANI_RD,IS	: 	0 	: 	: 	: 	0 	: 	: 	: 	: 	: 	: 	1 	: 	: 	: 	: 	: 	: 	: 
NR,ANI_RD,IT	0 	1 	1 	2 	1 	0 	2 	3 	1 	: 	: 	: 	: 	: 	: 	: 	: 	: 	: 	: 
NR,ANI_RD,LV	: 	: 	: 	: 	1 	0 	: 	: 	2 	0 	: 	: 	: 	: 	1 	: 	: 	: 	: 	: 
NR,ANI_RD,MT	: 	: 	0 	0 	: 	: 	: 	: 	: 	: 	: 	: 	: 	: 	: 	: 	: 	: 	: 	: 
NR,ANI_RD,NO	: 	0 	0 	0 	2 	0 	0 	0 	0 	0 	0 	0 	0 	0 	0 	0 	1 	0 	: 	: 
NR,ANI_RD,PT	: 	2 	0 	5 	1 	1 	1 	3 	1 	: 	: 	: 	: 	: 	: 	: 	: 	: 	: 	: 
NR,ANI_RD,UK	3 	0 	0 	0 	1 	2 	4 	4 	3 	: 	: 	: 	: 	: 	: 	: 	: 	: 	: 	: 
NR,BIKE,AT	41 	32 	48 	39 	45 	52 	52 	42 	32 	39 	62 	37 	48 	47 	58 	56 	80 	55 	62 	68 
NR,BIKE,BE	89 	76 	81 	90 	82 	83 	69 	70 	73 	89 	86 	90 	92 	71 	79 	110 	105 	130 	134 	122 
NR,BIKE,BG	21 	22 	35 	29 	29 	31 	32 	17 	27 	29 	35 	: 	: 	: 	: 	: 	: 	: 	: 	: 
NR,BIKE,CH	39 	37 	33 	39 	34 	21 	36 	39 	34 	54 	27 	30 	35 	37 	42 	48 	26 	38 	: 	: 
NR,BIKE,CY	1 	4 	0 	1 	1 	2 	1 	2 	2 	2 	6 	3 	2 	1 	: 	: 	: 	: 	: 	: 
NR,BIKE,CZ	56 	57 	53 	84 	68 	74 	78 	63 	80 	84 	93 	116 	110 	115 	131 	159 	160 	141 	151 	142 
NR,BIKE,DE	445 	382 	393 	383 	396 	354 	406 	399 	381 	462 	456 	425 	486 	575 	475 	616 	583 	635 	659 	: 
NR,BIKE,DK	28 	27 	31 	26 	30 	33 	22 	30 	26 	25 	54 	54 	31 	41 	53 	47 	52 	56 	58 	59 
NR,BIKE,EE	3 	1 	4 	0 	0 	0 	0 	0 	0 	7 	9 	13 	13 	7 	: 	: 	: 	: 	: 	: 
NR,BIKE,EL	12 	11 	18 	11 	19 	15 	21 	13 	23 	15 	22 	16 	21 	18 	24 	21 	14 	29 	22 	23 
NR,BIKE,ES	58 	78 	67 	58 	74 	68 	72 	47 	63 	55 	55 	86 	68 	78 	85 	75 	93 	97 	81 	118 
NR,BIKE,FI	21 	23 	26 	31 	27 	20 	19 	19 	26 	20 	18 	22 	29 	43 	26 	39 	53 	59 	53 	63 
NR,BIKE,FR	175 	173 	162 	149 	159 	147 	164 	141 	147 	162 	148 	142 	181 	180 	174 	199 	221 	253 	266 	321 
NR,BIKE,HR	22 	23 	27 	34 	19 	23 	21 	28 	28 	29 	47 	28 	: 	: 	: 	: 	: 	: 	: 	: 
NR,BIKE,HU	68 	81 	73 	83 	98 	68 	84 	85 	92 	103 	109 	158 	153 	152 	183 	178 	: 	: 	: 	: 
NR,BIKE,IE	: 	: 	10 	10 	13 	5 	8 	9 	5 	7 	13 	15 	9 	10 	11 	10 	18 	12 	10 	14 
NR,BIKE,IS	0 	2 	0 	1 	0 	0 	0 	0 	0 	0 	0 	0 	0 	0 	0 	0 	0 	: 	: 	: 
NR,BIKE,IT	219 	254 	275 	251 	273 	251 	292 	282 	265 	295 	288 	352 	311 	335 	322 	355 	326 	366 	401 	402 
NR,BIKE,LT	: 	: 	: 	22 	19 	18 	: 	: 	: 	: 	: 	: 	: 	: 	: 	: 	: 	: 	: 	: 
NR,BIKE,LU	3 	0 	1 	0 	0 	0 	0 	2 	1 	2 	0 	0 	0 	1 	0 	0 	1 	1 	1 	0 
NR,BIKE,LV	9 	11 	7 	9 	16 	13 	18 	15 	13 	26 	15 	18 	33 	31 	30 	: 	: 	: 	: 	: 
NR,BIKE,MT	1 	0 	1 	0 	: 	: 	: 	: 	0 	0 	0 	0 	0 	0 	: 	: 	: 	: 	: 	: 
NR,BIKE,NL	122 	101 	101 	107 	118 	112 	145 	144 	119 	138 	145 	147 	179 	151 	157 	188 	169 	195 	198 	194 
NR,BIKE,NO	: 	9 	12 	5 	12 	10 	12 	12 	5 	9 	10 	7 	8 	7 	10 	14 	12 	6 	: 	: 
NR,BIKE,PL	: 	220 	271 	300 	286 	306 	300 	314 	280 	371 	433 	498 	509 	603 	691 	647 	681 	610 	692 	: 
NR,BIKE,PT	: 	25 	33 	25 	35 	29 	32 	45 	33 	28 	41 	32 	39 	47 	46 	61 	56 	51 	55 	40 
NR,BIKE,RO	181 	191 	176 	162 	151 	161 	154 	140 	182 	157 	179 	179 	198 	206 	130 	156 	132 	145 	157 	126 
NR,BIKE,SE	23 	26 	22 	17 	33 	14 	28 	21 	21 	20 	30 	33 	26 	38 	27 	35 	42 	43 	47 	45 
NR,BIKE,SI	8 	11 	12 	14 	13 	16 	12 	16 	17 	18 	17 	17 	15 	19 	22 	0 	18 	16 	26 	: 
NR,BIKE,SK	: 	: 	: 	: 	: 	: 	: 	: 	27 	22 	46 	61 	52 	56 	66 	72 	61 	69 	: 	: 
NR,BIKE,UK	100 	103 	105 	100 	116 	113 	120 	109 	111 	104 	117 	138 	147 	152 	136 	116 	133 	140 	131 	173 
NR,BUS,AT	2 	0 	1 	0 	1 	0 	2 	0 	8 	2 	2 	4 	8 	2 	9 	0 	5 	14 	13 	21 
NR,BUS,BE	2 	1 	0 	2 	1 	0 	9 	2 	0 	1 	2 	4 	0 	0 	5 	1 	9 	9 	8 	4 
NR,BUS,BG	28 	14 	5 	3 	4 	1 	2 	11 	3 	5 	5 	: 	: 	: 	: 	: 	: 	: 	: 	: 
NR,BUS,CH	: 	0 	1 	0 	0 	0 	31 	2 	2 	0 	3 	0 	0 	13 	0 	1 	0 	1 	: 	: 
NR,BUS,CY	0 	0 	1 	0 	0 	0 	0 	0 	0 	0 	0 	0 	2 	0 	: 	: 	: 	: 	: 	: 
NR,BUS,CZ	3 	4 	0 	1 	3 	2 	2 	4 	1 	3 	0 	2 	10 	0 	17 	29 	6 	7 	2 	15 
NR,BUS,DE	7 	4 	3 	4 	5 	9 	2 	10 	32 	11 	10 	24 	12 	9 	16 	17 	12 	11 	9 	: 
NR,BUS,DK	: 	: 	: 	: 	: 	: 	: 	: 	0 	0 	0 	3 	3 	3 	1 	10 	4 	2 	4 	1 
NR,BUS,EE	1 	0 	1 	1 	8 	2 	2 	1 	4 	2 	0 	0 	1 	1 	: 	: 	: 	: 	: 	: 
NR,BUS,EL	0 	0 	0 	3 	2 	2 	8 	4 	2 	0 	4 	0 	4 	8 	8 	38 	9 	4 	9 	13 
NR,BUS,ES	12 	3 	21 	2 	26 	11 	3 	3 	3 	18 	26 	13 	33 	22 	3 	23 	12 	47 	42 	38 
NR,BUS,FI	: 	: 	: 	: 	: 	: 	: 	2 	0 	1 	0 	0 	2 	2 	24 	0 	3 	3 	0 	5 
NR,BUS,FR	0 	2 	8 	1 	9 	7 	7 	0 	4 	5 	20 	35 	8 	15 	20 	16 	10 	13 	19 	8 
NR,BUS,HR	: 	1 	: 	1 	0 	1 	8 	0 	0 	0 	17 	6 	: 	: 	: 	: 	: 	: 	: 	: 
NR,BUS,HU	3 	3 	10 	1 	1 	6 	3 	30 	12 	3 	3 	14 	14 	4 	6 	38 	: 	: 	: 	: 
NR,BUS,IE	: 	: 	0 	0 	0 	0 	1 	0 	1 	1 	0 	1 	3 	5 	0 	0 	1 	0 	0 	1 
NR,BUS,IT	4 	1 	0 	3 	1 	1 	0 	2 	7 	2 	11 	18 	24 	12 	25 	23 	18 	19 	17 	20 
NR,BUS,LT	: 	: 	: 	1 	0 	0 	: 	: 	: 	: 	: 	: 	: 	: 	: 	: 	: 	: 	: 	: 
NR,BUS,LU	0 	0 	0 	0 	0 	0 	0 	0 	0 	0 	0 	0 	0 	0 	0 	0 	0 	0 	0 	0 
NR,BUS,LV	1 	0 	0 	0 	0 	: 	: 	1 	3 	1 	1 	3 	1 	2 	10 	: 	: 	: 	: 	: 
NR,BUS,MT	0 	0 	0 	0 	: 	: 	: 	: 	0 	0 	0 	0 	0 	0 	: 	: 	: 	: 	: 	: 
NR,BUS,NL	0 	0 	0 	1 	1 	0 	1 	0 	1 	0 	3 	1 	1 	0 	0 	0 	1 	1 	0 	0 
NR,BUS,NO	: 	2 	1 	1 	3 	3 	0 	0 	1 	1 	0 	3 	0 	0 	0 	1 	2 	3 	: 	: 
NR,BUS,PL	: 	3 	8 	14 	12 	18 	18 	12 	14 	19 	11 	17 	15 	52 	43 	51 	43 	59 	50 	: 
NR,BUS,PT	: 	: 	: 	: 	: 	: 	: 	: 	: 	5 	1 	15 	1 	2 	3 	2 	7 	27 	4 	9 
NR,BUS,RO	11 	7 	23 	18 	9 	8 	10 	9 	10 	36 	6 	26 	19 	42 	26 	33 	52 	15 	22 	19 
NR,BUS,SE	0 	4 	1 	0 	2 	1 	2 	2 	2 	0 	1 	6 	10 	1 	4 	10 	5 	6 	0 	1 
NR,BUS,SI	: 	: 	: 	: 	: 	0 	: 	: 	0 	1 	0 	0 	0 	1 	1 	0 	0 	0 	0 	: 
NR,BUS,SK	: 	: 	: 	: 	: 	: 	: 	: 	0 	12 	4 	8 	4 	8 	3 	16 	0 	1 	: 	: 
NR,BUS,UK	: 	: 	: 	: 	: 	: 	: 	: 	: 	16 	14 	14 	28 	21 	28 	29 	26 	42 	29 	26 
NR,BUS_MIN,BE	0 	0 	0 	1 	2 	0 	: 	: 	1 	: 	: 	: 	: 	: 	: 	: 	: 	: 	: 	: 
NR,BUS_MIN,BG	0 	0 	: 	: 	: 	: 	: 	: 	: 	: 	: 	: 	: 	: 	: 	: 	: 	: 	: 	: 
NR,BUS_MIN,ES	0 	0 	0 	0 	0 	: 	: 	: 	: 	: 	: 	: 	: 	: 	: 	: 	: 	: 	: 	: 
NR,BUS_MIN,IS	0 	0 	0 	0 	0 	0 	0 	0 	0 	0 	0 	0 	0 	0 	0 	0 	0 	: 	: 	: 
NR,BUS_MIN,LT	: 	: 	: 	0 	0 	1 	: 	: 	: 	: 	: 	: 	: 	: 	: 	: 	: 	: 	: 	: 
NR,BUS_MIN,LU	0 	0 	0 	0 	0 	0 	0 	0 	: 	: 	: 	: 	: 	: 	: 	: 	: 	: 	: 	: 
NR,BUS_MIN,LV	0 	0 	0 	2 	0 	0 	0 	1 	1 	0 	0 	: 	: 	2 	0 	: 	: 	: 	: 	: 
NR,BUS_MIN,MT	0 	0 	0 	0 	: 	: 	: 	: 	: 	: 	: 	: 	: 	: 	: 	: 	: 	: 	: 	: 
NR,BUS_MIN,NO	: 	0 	0 	0 	0 	0 	0 	3 	2 	0 	1 	1 	0 	1 	1 	1 	0 	0 	: 	: 
NR,BUS_MIN,UK	8 	8 	4 	2 	4 	2 	1 	5 	5 	: 	: 	: 	: 	: 	: 	: 	: 	: 	: 	: 
NR,BUS_TOT,BE	0 	0 	0 	1 	1 	5 	: 	: 	0 	: 	: 	: 	: 	: 	: 	: 	: 	: 	: 	: 
NR,BUS_TOT,CH	3 	0 	0 	0 	0 	0 	1 	0 	2 	0 	1 	0 	2 	0 	0 	3 	1 	5 	: 	: 
NR,BUS_TOT,DK	0 	0 	3 	0 	0 	0 	1 	0 	: 	: 	: 	: 	: 	: 	: 	: 	: 	: 	: 	: 
NR,BUS_TOT,FI	5 	2 	0 	0 	0 	1 	1 	: 	: 	: 	: 	: 	: 	: 	: 	: 	: 	: 	: 	: 
NR,BUS_TOT,HR	0 	: 	2 	: 	: 	: 	: 	: 	: 	: 	: 	: 	: 	: 	: 	: 	: 	: 	: 	: 
NR,BUS_TOT,IS	1 	2 	0 	0 	0 	0 	0 	0 	0 	0 	0 	0 	1 	0 	0 	0 	0 	: 	: 	: 
NR,BUS_TOT,IT	1 	17 	3 	3 	4 	47 	7 	1 	2 	: 	: 	: 	: 	: 	: 	: 	: 	: 	: 	: 
NR,BUS_TOT,LV	: 	: 	0 	0 	1 	1 	3 	0 	0 	1 	: 	: 	: 	: 	: 	: 	: 	: 	: 	: 
NR,BUS_TOT,PT	: 	1 	0 	8 	2 	11 	2 	1 	0 	: 	: 	: 	: 	: 	: 	: 	: 	: 	: 	: 
NR,BUS_TOT,SI	0 	0 	0 	0 	0 	0 	0 	0 	: 	: 	: 	: 	: 	: 	: 	: 	: 	: 	: 	: 
NR,BUS_TOT,UK	8 	7 	9 	5 	7 	10 	11 	7 	9 	: 	: 	: 	: 	: 	: 	: 	: 	: 	: 	: 
NR,BUS_TRO,BG	0 	1 	: 	0 	0 	0 	0 	0 	0 	0 	0 	: 	: 	: 	: 	: 	: 	: 	: 	: 
NR,BUS_TRO,CH	: 	1 	0 	1 	2 	0 	0 	1 	0 	0 	0 	0 	0 	0 	0 	0 	0 	0 	: 	: 
NR,BUS_TRO,DE	0 	0 	0 	0 	0 	0 	0 	: 	: 	: 	: 	: 	: 	: 	: 	: 	: 	: 	: 	: 
NR,BUS_TRO,EE	0 	0 	0 	: 	: 	: 	: 	: 	: 	: 	: 	: 	: 	: 	: 	: 	: 	: 	: 	: 
NR,BUS_TRO,HU	0 	1 	0 	0 	0 	0 	0 	0 	0 	: 	: 	: 	: 	: 	: 	: 	: 	: 	: 	: 
NR,BUS_TRO,LV	0 	0 	0 	0 	0 	0 	0 	0 	1 	: 	0 	: 	: 	1 	1 	: 	: 	: 	: 	: 
NR,BUS_TRO,NO	: 	0 	0 	0 	0 	0 	0 	0 	0 	0 	0 	0 	0 	0 	0 	0 	0 	0 	: 	: 
NR,CAR,AT	181 	182 	191 	241 	191 	194 	282 	289 	291 	325 	367 	378 	384 	432 	480 	524 	524 	570 	549 	615 
NR,CAR,BE	275 	285 	343 	375 	392 	367 	383 	457 	450 	464 	479 	550 	589 	624 	623 	688 	779 	899 	922 	851 
NR,CAR,BG	341 	369 	456 	396 	379 	367 	335 	398 	478 	570 	623 	: 	: 	: 	: 	: 	: 	: 	: 	: 
NR,CAR,CH	79 	78 	75 	75 	97 	103 	104 	119 	129 	136 	156 	162 	156 	178 	232 	260 	274 	245 	: 	: 
NR,CAR,CY	15 	14 	10 	24 	15 	16 	18 	31 	19 	24 	26 	37 	32 	45 	: 	: 	: 	: 	: 	: 
NR,CAR,CZ	333 	279 	328 	365 	347 	308 	368 	404 	403 	497 	573 	661 	567 	679 	779 	798 	759 	715 	784 	775 
NR,CAR,DE	1424 	1437 	1537 	1624 	1579 	1588 	1791 	1986 	1840 	2110 	2368 	2625 	2683 	2833 	3238 	3774 	4005 	4023 	4396 	: 
NR,CAR,DK	65 	99 	96 	74 	89 	79 	81 	106 	135 	164 	196 	168 	138 	169 	186 	236 	246 	242 	235 	271 
NR,CAR,EE	21 	27 	33 	35 	33 	41 	42 	56 	44 	54 	69 	122 	106 	88 	: 	: 	: 	: 	: 	: 
NR,CAR,EL	267 	285 	340 	314 	289 	347 	383 	474 	545 	680 	708 	771 	722 	816 	775 	761 	793 	803 	922 	886 
NR,CAR,ES	732 	799 	754 	693 	719 	712 	868 	973 	1187 	1258 	1493 	1817 	2095 	2390 	2691 	3212 	3102 	3140 	3285 	3186 
NR,CAR,FI	146 	133 	150 	159 	121 	152 	147 	172 	159 	165 	202 	241 	203 	231 	221 	217 	267 	262 	224 	251 
NR,CAR,FR	1637 	1767 	1760 	1796 	1664 	1615 	1881 	2062 	2117 	2162 	2205 	2466 	2627 	3065 	3365 	3685 	4862 	5284 	5291 	5454 
NR,CAR,HR	154 	187 	148 	164 	141 	195 	186 	215 	205 	284 	303 	309 	: 	: 	: 	: 	: 	: 	: 	: 
NR,CAR,HU	291 	277 	269 	304 	256 	254 	253 	268 	330 	386 	448 	555 	630 	620 	606 	640 	: 	: 	: 	: 
NR,CAR,IE	: 	: 	106 	89 	103 	107 	89 	95 	129 	146 	160 	171 	226 	222 	205 	174 	202 	231 	262 	236 
NR,CAR,IS	12 	9 	13 	12 	3 	11 	6 	7 	4 	9 	10 	11 	20 	15 	15 	17 	26 	: 	: 	: 
NR,CAR,IT	1423 	1472 	1477 	1476 	1497 	1491 	1695 	1673 	1832 	1793 	2115 	2320 	2781 	2830 	3032 	3377 	3653 	3847 	3850 	3796 
NR,CAR,LT	: 	: 	: 	115 	118 	108 	: 	: 	: 	: 	: 	: 	: 	: 	: 	: 	: 	: 	: 	: 
NR,CAR,LU	19 	13 	19 	16 	24 	30 	22 	21 	27 	26 	20 	27 	23 	38 	27 	33 	52 	51 	54 	49 
NR,CAR,LV	70 	59 	71 	85 	91 	71 	72 	78 	91 	116 	167 	203 	182 	201 	228 	: 	: 	: 	: 	: 
NR,CAR,MT	5 	9 	5 	4 	: 	: 	: 	: 	9 	12 	4 	4 	5 	3 	: 	: 	: 	: 	: 	: 
NR,CAR,NL	245 	194 	225 	214 	171 	180 	218 	209 	219 	288 	299 	299 	323 	337 	398 	483 	479 	477 	513 	540 
NR,CAR,NO	: 	57 	67 	67 	72 	105 	73 	102 	127 	127 	151 	138 	141 	130 	157 	170 	189 	167 	: 	: 
NR,CAR,PL	: 	1295 	1417 	1332 	1346 	1448 	1615 	1897 	1853 	2179 	2540 	2582 	2392 	2526 	2459 	2541 	2548 	2438 	2710 	: 
NR,CAR,PT	: 	204 	225 	214 	223 	214 	255 	331 	367 	298 	355 	415 	370 	493 	536 	627 	706 	638 	730 	816 
NR,CAR,RO	737 	812 	785 	787 	724 	721 	798 	780 	973 	1168 	1324 	1096 	992 	1069 	1012 	856 	874 	933 	903 	914 
NR,CAR,SE	181 	131 	138 	144 	122 	144 	142 	159 	151 	219 	234 	279 	261 	273 	288 	349 	379 	373 	393 	372 
NR,CAR,SI	32 	30 	45 	38 	41 	40 	53 	46 	44 	59 	82 	126 	96 	107 	124 	102 	124 	107 	126 	: 
NR,CAR,SK	: 	: 	: 	: 	: 	: 	: 	: 	171 	182 	292 	293 	282 	294 	283 	306 	304 	304 	: 	: 
NR,CAR,UK	799 	815 	853 	798 	835 	815 	829 	911 	859 	1123 	1312 	1489 	1687 	1744 	1757 	1841 	1832 	1816 	1770 	1763 
NR,MCO,DE	2 	18 	1 	1 	8 	2 	1 	: 	: 	: 	: 	: 	: 	: 	: 	: 	: 	: 	: 	: 
NR,MCO,FR	3 	12 	4 	42 	: 	: 	: 	: 	: 	: 	: 	: 	: 	: 	: 	: 	: 	: 	: 	: 
NR,MCO,LU	0 	: 	0 	0 	0 	: 	0 	: 	: 	: 	: 	: 	: 	: 	: 	: 	: 	: 	: 	: 
NR,MCO,MT	2 	0 	0 	0 	: 	: 	: 	: 	: 	: 	: 	: 	: 	: 	: 	: 	: 	: 	: 	: 
NR,MCO,NO	: 	0 	0 	0 	4 	2 	2 	1 	1 	0 	0 	1 	0 	0 	1 	1 	1 	0 	: 	: 
NR,MOP,AT	8 	14 	8 	8 	16 	15 	19 	18 	18 	30 	25 	24 	39 	41 	44 	47 	46 	37 	44 	48 
NR,MOP,BE	18 	24 	16 	20 	19 	14 	15 	20 	23 	25 	32 	26 	36 	30 	33 	45 	68 	63 	66 	56 
NR,MOP,BG	7 	11 	8 	11 	8 	6 	4 	10 	5 	5 	9 	: 	: 	: 	: 	: 	: 	: 	: 	: 
NR,MOP,CH	5 	2 	6 	3 	1 	8 	3 	4 	4 	8 	9 	7 	11 	6 	9 	17 	8 	22 	: 	: 
NR,MOP,CY	2 	2 	2 	2 	4 	0 	3 	3 	3 	4 	8 	8 	5 	9 	: 	: 	: 	: 	: 	: 
NR,MOP,CZ	5 	2 	1 	6 	8 	6 	7 	7 	7 	9 	2 	3 	3 	8 	5 	11 	17 	9 	16 	10 
NR,MOP,DE	78 	59 	68 	62 	87 	73 	93 	70 	74 	99 	110 	100 	107 	107 	122 	134 	131 	138 	157 	: 
NR,MOP,DK	10 	9 	8 	19 	13 	11 	14 	14 	11 	15 	30 	48 	24 	29 	46 	43 	38 	43 	47 	41 
NR,MOP,EE	0 	1 	3 	0 	0 	0 	1 	: 	0 	3 	6 	4 	2 	2 	: 	: 	: 	: 	: 	: 
NR,MOP,EL	27 	32 	25 	32 	20 	25 	35 	34 	36 	28 	41 	43 	57 	58 	55 	53 	55 	77 	90 	108 
NR,MOP,ES	62 	49 	54 	56 	53 	54 	65 	71 	94 	150 	178 	231 	300 	305 	355 	386 	379 	455 	469 	509 
NR,MOP,FI	3 	5 	5 	2 	3 	5 	7 	10 	9 	11 	13 	11 	13 	4 	14 	12 	7 	7 	9 	8 
NR,MOP,FR	133 	117 	121 	155 	165 	159 	179 	220 	248 	299 	291 	324 	317 	356 	336 	390 	384 	447 	453 	487 
NR,MOP,HR	4 	8 	10 	14 	11 	14 	16 	10 	15 	15 	27 	20 	: 	: 	: 	: 	: 	: 	: 	: 
NR,MOP,HU	13 	17 	16 	27 	17 	24 	25 	31 	19 	23 	26 	31 	42 	40 	22 	36 	: 	: 	: 	: 
NR,MOP,IS	0 	0 	0 	0 	0 	0 	0 	1 	0 	0 	0 	0 	0 	0 	0 	0 	0 	: 	: 	: 
NR,MOP,IT	108 	92 	116 	105 	112 	125 	127 	165 	206 	212 	292 	358 	346 	385 	456 	520 	452 	578 	637 	611 
NR,MOP,LT	: 	: 	: 	3 	1 	4 	: 	: 	: 	: 	: 	: 	: 	: 	: 	: 	: 	: 	: 	: 
NR,MOP,LU	0 	0 	0 	0 	0 	0 	0 	0 	0 	0 	0 	1 	0 	0 	1 	0 	0 	0 	0 	0 
NR,MOP,LV	4 	6 	6 	6 	6 	3 	3 	5 	4 	1 	4 	4 	6 	5 	4 	: 	: 	: 	: 	: 
NR,MOP,MT	0 	0 	0 	0 	: 	: 	: 	: 	: 	: 	: 	: 	: 	: 	: 	: 	: 	: 	: 	: 
NR,MOP,NL	31 	36 	34 	35 	32 	41 	40 	36 	32 	47 	51 	60 	63 	56 	57 	94 	98 	78 	107 	107 
NR,MOP,NO	: 	1 	1 	1 	2 	3 	4 	4 	0 	2 	5 	7 	3 	4 	8 	7 	6 	5 	: 	: 
NR,MOP,PL	: 	55 	77 	65 	71 	62 	82 	87 	83 	68 	87 	59 	57 	53 	51 	54 	59 	63 	75 	: 
NR,MOP,PT	: 	43 	44 	42 	43 	51 	57 	71 	77 	57 	69 	70 	95 	104 	120 	156 	142 	180 	222 	250 
NR,MOP,RO	18 	17 	33 	34 	30 	39 	99 	87 	114 	122 	150 	81 	45 	20 	1 	10 	6 	4 	3 	1 
NR,MOP,SE	7 	1 	8 	5 	8 	3 	8 	11 	8 	11 	11 	14 	15 	8 	18 	9 	12 	9 	10 	12 
NR,MOP,SI	2 	4 	3 	1 	2 	4 	3 	2 	7 	3 	8 	12 	12 	5 	5 	4 	5 	16 	22 	: 
NR,MOP,UK	8 	3 	8 	8 	6 	4 	12 	10 	10 	16 	21 	18 	29 	23 	26 	25 	21 	14 	15 	17 
NR,MOTO_2WH,BG	: 	: 	: 	: 	: 	: 	: 	: 	: 	48 	67 	: 	: 	: 	: 	: 	: 	: 	: 	: 
NR,MOTO_2WH,FI	24 	13 	17 	20 	17 	24 	21 	: 	: 	: 	: 	: 	: 	: 	: 	: 	: 	: 	: 	: 
NR,MOTO_2WH,HR	55 	: 	38 	: 	: 	: 	: 	: 	: 	: 	: 	: 	: 	: 	: 	: 	: 	: 	: 	: 
NR,MOTO_2WH,IT	687 	735 	657 	773 	704 	728 	847 	923 	950 	: 	: 	: 	: 	: 	: 	: 	: 	: 	: 	: 
NR,MOTO_2WH,LV	1 	0 	4 	3 	2 	4 	2 	3 	7 	5 	8 	: 	: 	9 	21 	: 	: 	: 	: 	: 
NR,MOTO_2WH,MT	1 	: 	: 	: 	: 	: 	: 	: 	: 	: 	: 	: 	: 	: 	: 	: 	: 	: 	: 	: 
NR,MOTO_2WH,PT	: 	: 	: 	: 	: 	: 	: 	28 	35 	: 	: 	: 	: 	: 	: 	: 	: 	: 	: 	: 
NR,MOTO_2WH,SI	16 	25 	22 	25 	15 	: 	: 	: 	: 	: 	: 	: 	: 	: 	: 	: 	: 	: 	: 	: 
NR,MOTO_2WH,UK	13 	11 	4 	6 	17 	0 	0 	4 	0 	: 	: 	: 	: 	: 	: 	: 	: 	: 	: 	: 
NR,MOTO_GT125,BE	66 	57 	63 	85 	63 	83 	: 	: 	89 	: 	: 	: 	: 	: 	: 	: 	: 	: 	: 	: 
NR,MOTO_GT125,BG	4 	2 	: 	: 	: 	: 	: 	: 	: 	: 	: 	: 	: 	: 	: 	: 	: 	: 	: 	: 
NR,MOTO_GT125,CH	42 	44 	37 	51 	43 	36 	61 	50 	58 	58 	65 	61 	47 	59 	80 	73 	58 	59 	: 	: 
NR,MOTO_GT125,DE	537 	514 	460 	570 	514 	519 	523 	: 	: 	: 	: 	: 	: 	: 	: 	: 	: 	: 	: 	: 
NR,MOTO_GT125,ES	302 	322 	300 	228 	193 	: 	: 	: 	: 	: 	: 	: 	: 	: 	: 	: 	: 	: 	: 	: 
NR,MOTO_GT125,FR	522 	589 	531 	526 	: 	: 	: 	: 	: 	: 	: 	: 	: 	: 	: 	: 	: 	: 	: 	: 
NR,MOTO_GT125,IS	0 	1 	2 	1 	0 	1 	0 	0 	1 	2 	1 	3 	3 	0 	1 	0 	0 	: 	: 	: 
NR,MOTO_GT125,LU	9 	6 	3 	4 	8 	8 	5 	2 	: 	: 	: 	: 	: 	: 	: 	: 	: 	: 	: 	: 
NR,MOTO_GT125,LV	2 	1 	6 	4 	5 	4 	5 	2 	9 	2 	6 	: 	: 	2 	: 	: 	: 	: 	: 	: 
NR,MOTO_GT125,MT	4 	2 	8 	2 	: 	: 	: 	: 	: 	: 	: 	: 	: 	: 	: 	: 	: 	: 	: 	: 
NR,MOTO_GT125,NO	: 	18 	19 	20 	16 	19 	15 	12 	24 	19 	28 	28 	32 	25 	29 	26 	30 	25 	: 	: 
NR,MOTO_GT125,PT	: 	85 	47 	61 	68 	57 	: 	88 	91 	: 	: 	: 	: 	: 	: 	: 	: 	: 	: 	: 
NR,MOTO_GT125,SE	45 	35 	29 	41 	30 	24 	27 	34 	31 	43 	: 	: 	: 	: 	: 	: 	: 	: 	: 	: 
NR,MOTO_GT125,UK	292 	293 	265 	280 	269 	284 	275 	304 	352 	: 	: 	: 	: 	: 	: 	: 	: 	: 	: 	: 
NR,MOTO_LE125,BG	0 	0 	: 	50 	47 	49 	48 	35 	42 	: 	: 	: 	: 	: 	: 	: 	: 	: 	: 	: 
NR,MOTO_LE125,CH	0 	7 	6 	15 	10 	19 	13 	18 	10 	20 	18 	21 	22 	27 	34 	27 	30 	35 	: 	: 
NR,MOTO_LE125,DE	82 	69 	76 	69 	73 	49 	63 	: 	: 	: 	: 	: 	: 	: 	: 	: 	: 	: 	: 	: 
NR,MOTO_LE125,ES	57 	37 	43 	3 	5 	: 	: 	: 	: 	: 	: 	: 	: 	: 	: 	: 	: 	: 	: 	: 
NR,MOTO_LE125,FR	105 	80 	82 	88 	: 	: 	: 	: 	: 	: 	: 	: 	: 	: 	: 	: 	: 	: 	: 	: 
NR,MOTO_LE125,IS	0 	1 	0 	0 	0 	0 	0 	0 	0 	0 	0 	0 	0 	1 	1 	0 	0 	: 	: 	: 
NR,MOTO_LE125,LU	0 	1 	0 	2 	0 	0 	0 	1 	: 	: 	: 	: 	: 	: 	: 	: 	: 	: 	: 	: 
NR,MOTO_LE125,LV	0 	0 	2 	0 	3 	2 	0 	1 	1 	3 	0 	: 	: 	0 	: 	: 	: 	: 	: 	: 
NR,MOTO_LE125,MT	3 	0 	1 	0 	: 	: 	: 	: 	: 	: 	: 	: 	: 	: 	: 	: 	: 	: 	: 	: 
NR,MOTO_LE125,NO	: 	2 	3 	0 	4 	2 	2 	1 	2 	8 	4 	5 	2 	6 	4 	4 	7 	3 	: 	: 
NR,MOTO_LE125,PT	: 	21 	12 	12 	23 	18 	: 	: 	: 	: 	: 	: 	: 	: 	: 	: 	: 	: 	: 	: 
NR,MOTO_LE125,SE	2 	4 	7 	3 	1 	16 	4 	12 	6 	4 	: 	: 	: 	: 	: 	: 	: 	: 	: 	: 
NR,MOTO_LE125,UK	48 	51 	47 	75 	61 	53 	45 	51 	51 	: 	: 	: 	: 	: 	: 	: 	: 	: 	: 	: 
NR,MOTO_NSP,AT	102 	83 	85 	83 	76 	87 	68 	67 	68 	87 	91 	96 	95 	98 	98 	109 	89 	107 	112 	103 
NR,MOTO_NSP,BE	21 	20 	16 	20 	22 	23 	87 	127 	14 	137 	108 	139 	130 	123 	120 	124 	158 	147 	118 	142 
NR,MOTO_NSP,CY	14 	14 	10 	13 	9 	15 	11 	13 	18 	19 	16 	16 	20 	14 	: 	: 	: 	: 	: 	: 
NR,MOTO_NSP,CZ	94 	69 	62 	91 	88 	66 	86 	77 	92 	85 	121 	136 	113 	116 	97 	101 	117 	86 	100 	108 
NR,MOTO_NSP,DE	: 	: 	: 	: 	: 	: 	: 	708 	635 	650 	656 	807 	793 	875 	858 	946 	913 	964 	945 	: 
NR,MOTO_NSP,DK	21 	11 	26 	19 	18 	15 	10 	23 	22 	27 	40 	36 	21 	16 	23 	25 	24 	12 	24 	26 
NR,MOTO_NSP,EE	6 	0 	1 	0 	0 	0 	0 	0 	0 	2 	1 	10 	5 	5 	: 	: 	: 	: 	: 	: 
NR,MOTO_NSP,EL	190 	216 	240 	237 	278 	271 	282 	305 	367 	405 	394 	420 	440 	399 	379 	310 	341 	426 	406 	453 
NR,MOTO_NSP,ES	: 	: 	: 	98 	88 	300 	301 	345 	380 	432 	480 	633 	483 	467 	394 	365 	397 	365 	388 	388 
NR,MOTO_NSP,FI	: 	: 	: 	: 	: 	: 	: 	29 	18 	27 	36 	32 	26 	32 	22 	23 	22 	16 	10 	13 
NR,MOTO_NSP,FR	: 	: 	: 	: 	649 	658 	692 	786 	734 	908 	817 	853 	789 	892 	861 	879 	1057 	1086 	960 	980 
NR,MOTO_NSP,HR	: 	42 	: 	58 	44 	49 	62 	76 	51 	81 	100 	96 	: 	: 	: 	: 	: 	: 	: 	: 
NR,MOTO_NSP,HU	49 	43 	48 	50 	58 	58 	39 	52 	49 	73 	91 	112 	89 	100 	72 	66 	: 	: 	: 	: 
NR,MOTO_NSP,IE	: 	: 	22 	22 	24 	26 	19 	18 	17 	25 	29 	33 	29 	56 	49 	55 	44 	50 	40 	43 
NR,MOTO_NSP,IT	: 	: 	: 	: 	: 	: 	: 	: 	: 	1037 	1085 	1182 	1127 	1120 	1139 	1035 	907 	848 	770 	569 
NR,MOTO_NSP,LT	: 	: 	: 	13 	13 	15 	: 	: 	: 	: 	: 	: 	: 	: 	: 	: 	: 	: 	: 	: 
NR,MOTO_NSP,LU	: 	: 	: 	: 	: 	: 	: 	: 	1 	7 	9 	5 	8 	6 	10 	13 	0 	6 	8 	5 
NR,MOTO_NSP,LV	: 	: 	: 	: 	: 	: 	: 	: 	: 	: 	: 	10 	10 	: 	: 	: 	: 	: 	: 	: 
NR,MOTO_NSP,MT	: 	: 	: 	: 	: 	: 	: 	: 	3 	2 	3 	4 	2 	3 	: 	: 	: 	: 	: 	: 
NR,MOTO_NSP,NL	42 	53 	44 	43 	51 	29 	53 	50 	60 	68 	67 	64 	57 	77 	84 	95 	93 	76 	89 	75 
NR,MOTO_NSP,PL	: 	231 	244 	208 	237 	253 	261 	292 	259 	290 	262 	215 	164 	157 	181 	145 	167 	169 	178 	: 
NR,MOTO_NSP,PT	: 	: 	: 	: 	: 	3 	104 	: 	: 	115 	115 	141 	136 	184 	180 	210 	222 	226 	206 	250 
NR,MOTO_NSP,RO	55 	52 	46 	55 	45 	52 	62 	69 	59 	74 	90 	73 	35 	23 	19 	8 	13 	9 	15 	12 
NR,MOTO_NSP,SE	: 	: 	: 	: 	: 	: 	: 	: 	: 	: 	51 	60 	55 	46 	56 	47 	37 	38 	39 	36 
NR,MOTO_NSP,SI	: 	: 	: 	: 	: 	17 	18 	25 	17 	28 	40 	41 	42 	33 	27 	25 	18 	36 	19 	: 
NR,MOTO_NSP,SK	: 	: 	: 	: 	: 	: 	: 	: 	27 	34 	39 	54 	37 	45 	34 	35 	37 	33 	: 	: 
NR,MOTO_NSP,UK	: 	: 	: 	: 	: 	: 	: 	: 	: 	472 	488 	596 	583 	561 	581 	690 	607 	580 	597 	539 
NR,MTZ_OTH,AT	0 	0 	0 	1 	1 	0 	4 	0 	1 	1 	0 	0 	1 	1 	1 	1 	5 	1 	3 	2 
NR,MTZ_OTH,BE	0 	0 	0 	0 	0 	2 	1 	0 	0 	1 	: 	: 	: 	: 	: 	: 	: 	: 	: 	: 
NR,MTZ_OTH,BG	10 	11 	5 	18 	12 	10 	11 	8 	7 	0 	1 	: 	: 	: 	: 	: 	: 	: 	: 	: 
NR,MTZ_OTH,CH	7 	: 	: 	: 	: 	: 	: 	: 	0 	0 	0 	4 	0 	2 	1 	1 	1 	1 	: 	: 
NR,MTZ_OTH,CY	1 	0 	3 	0 	0 	0 	0 	0 	0 	0 	0 	0 	0 	0 	: 	: 	: 	: 	: 	: 
NR,MTZ_OTH,CZ	1 	1 	1 	4 	3 	1 	1 	2 	1 	1 	2 	0 	1 	1 	0 	2 	1 	0 	1 	2 
NR,MTZ_OTH,DE	20 	15 	13 	18 	9 	11 	18 	18 	19 	18 	17 	17 	20 	17 	21 	31 	27 	27 	19 	: 
NR,MTZ_OTH,DK	1 	2 	1 	1 	0 	0 	1 	0 	1 	0 	2 	0 	1 	1 	1 	0 	0 	1 	2 	1 
NR,MTZ_OTH,EE	2 	0 	0 	: 	: 	: 	: 	: 	: 	0 	1 	2 	0 	2 	: 	: 	: 	: 	: 	: 
NR,MTZ_OTH,EL	0 	0 	0 	0 	0 	0 	2 	1 	1 	1 	3 	0 	2 	1 	1 	1 	1 	1 	0 	3 
NR,MTZ_OTH,ES	13 	5 	11 	6 	9 	1 	2 	2 	1 	4 	1 	0 	1 	3 	1 	5 	13 	2 	5 	3 
NR,MTZ_OTH,FI	4 	10 	5 	4 	8 	3 	8 	3 	5 	5 	2 	5 	2 	2 	1 	1 	3 	5 	5 	6 
NR,MTZ_OTH,FR	39 	39 	40 	39 	0 	0 	0 	2 	0 	0 	0 	0 	1 	0 	1 	: 	: 	: 	: 	: 
NR,MTZ_OTH,HR	0 	1 	1 	0 	2 	0 	0 	0 	4 	4 	4 	6 	: 	: 	: 	: 	: 	: 	: 	: 
NR,MTZ_OTH,HU	4 	1 	6 	0 	3 	4 	5 	2 	8 	0 	0 	2 	0 	0 	1 	2 	: 	: 	: 	: 
NR,MTZ_OTH,IS	: 	: 	0 	0 	: 	: 	: 	: 	0 	: 	: 	0 	0 	1 	0 	: 	: 	: 	: 	: 
NR,MTZ_OTH,IT	15 	17 	9 	8 	14 	18 	12 	12 	8 	27 	22 	25 	35 	28 	40 	35 	32 	48 	40 	62 
NR,MTZ_OTH,LT	: 	: 	: 	1 	1 	1 	: 	: 	: 	: 	: 	: 	: 	: 	: 	: 	: 	: 	: 	: 
NR,MTZ_OTH,LU	0 	0 	0 	0 	0 	0 	0 	0 	0 	1 	0 	1 	0 	0 	0 	0 	0 	0 	0 	1 
NR,MTZ_OTH,LV	2 	0 	1 	1 	0 	0 	1 	1 	1 	3 	1 	0 	0 	: 	0 	: 	: 	: 	: 	: 
NR,MTZ_OTH,MT	0 	0 	0 	0 	: 	: 	: 	: 	: 	: 	: 	: 	: 	: 	: 	: 	: 	: 	: 	: 
NR,MTZ_OTH,NL	1 	2 	1 	2 	5 	4 	4 	2 	4 	3 	2 	1 	3 	5 	10 	0 	1 	0 	1 	0 
NR,MTZ_OTH,NO	: 	2 	9 	1 	4 	2 	3 	3 	4 	4 	6 	4 	1 	2 	6 	4 	2 	2 	: 	: 
NR,MTZ_OTH,PL	: 	0 	12 	4 	5 	1 	1 	2 	0 	0 	1 	2 	6 	4 	3 	4 	4 	11 	5 	: 
NR,MTZ_OTH,PT	: 	9 	11 	11 	17 	8 	16 	4 	10 	2 	3 	6 	3 	7 	4 	4 	0 	4 	5 	9 
NR,MTZ_OTH,RO	13 	9 	8 	13 	11 	7 	15 	20 	8 	18 	10 	21 	18 	35 	14 	17 	35 	26 	34 	29 
NR,MTZ_OTH,SE	6 	3 	2 	0 	4 	3 	1 	7 	4 	6 	9 	5 	4 	6 	5 	3 	2 	6 	1 	3 
NR,MTZ_OTH,SI	0 	0 	0 	0 	0 	0 	0 	0 	0 	1 	0 	0 	2 	0 	0 	26 	1 	0 	1 	: 
NR,MTZ_OTH,SK	: 	: 	: 	: 	: 	: 	: 	: 	0 	1 	0 	3 	2 	1 	1 	2 	3 	3 	: 	: 
NR,MTZ_OTH,UK	13 	6 	15 	8 	9 	5 	3 	1 	0 	16 	27 	21 	18 	13 	17 	13 	15 	13 	8 	14 
NR,NMTZ_OTH,AT	0 	1 	0 	0 	0 	0 	0 	0 	0 	3 	0 	1 	1 	0 	0 	3 	1 	0 	1 	1 
NR,NMTZ_OTH,BE	2 	0 	0 	1 	1 	1 	2 	2 	1 	1 	0 	2 	0 	1 	1 	1 	1 	2 	1 	1 
NR,NMTZ_OTH,BG	1 	1 	0 	0 	0 	0 	1 	1 	1 	7 	10 	: 	: 	: 	: 	: 	: 	: 	: 	: 
NR,NMTZ_OTH,CH	5 	: 	: 	: 	: 	: 	: 	: 	: 	: 	: 	: 	: 	: 	: 	: 	: 	: 	: 	: 
NR,NMTZ_OTH,CZ	1 	2 	0 	5 	1 	0 	1 	1 	1 	0 	2 	2 	0 	1 	1 	2 	1 	1 	0 	3 
NR,NMTZ_OTH,DE	6 	3 	4 	6 	4 	4 	1 	3 	6 	3 	1 	4 	2 	11 	3 	6 	4 	6 	5 	: 
NR,NMTZ_OTH,DK	: 	: 	: 	: 	: 	: 	: 	: 	0 	1 	0 	0 	0 	0 	0 	0 	1 	1 	0 	1 
NR,NMTZ_OTH,EE	0 	0 	: 	4 	2 	9 	8 	13 	9 	0 	0 	0 	0 	0 	: 	: 	: 	: 	: 	: 
NR,NMTZ_OTH,EL	0 	0 	0 	0 	0 	0 	0 	0 	0 	0 	1 	0 	4 	0 	0 	1 	1 	0 	0 	0 
NR,NMTZ_OTH,ES	5 	11 	2 	3 	3 	0 	1 	0 	1 	0 	1 	1 	1 	0 	1 	3 	1 	1 	2 	4 
NR,NMTZ_OTH,FI	0 	0 	1 	0 	: 	0 	1 	0 	0 	0 	0 	0 	0 	1 	0 	0 	1 	0 	2 	1 
NR,NMTZ_OTH,FR	: 	: 	: 	: 	0 	0 	0 	0 	2 	0 	0 	0 	0 	0 	0 	1 	1 	1 	0 	1 
NR,NMTZ_OTH,HR	0 	0 	0 	0 	1 	1 	0 	0 	0 	1 	0 	1 	: 	: 	: 	: 	: 	: 	: 	: 
NR,NMTZ_OTH,HU	: 	: 	: 	: 	: 	: 	: 	: 	: 	8 	6 	6 	6 	7 	6 	3 	: 	: 	: 	: 
NR,NMTZ_OTH,IS	: 	: 	: 	: 	0 	: 	0 	0 	0 	0 	: 	: 	: 	0 	: 	0 	0 	: 	: 	: 
NR,NMTZ_OTH,IT	: 	: 	: 	: 	: 	: 	: 	: 	: 	1 	6 	2 	1 	2 	2 	0 	2 	2 	5 	2 
NR,NMTZ_OTH,LT	: 	: 	: 	0 	: 	0 	: 	: 	: 	: 	: 	: 	: 	: 	: 	: 	: 	: 	: 	: 
NR,NMTZ_OTH,LU	: 	: 	: 	: 	: 	: 	: 	: 	: 	: 	0 	1 	0 	: 	0 	: 	: 	0 	0 	: 
NR,NMTZ_OTH,LV	: 	1 	: 	: 	: 	: 	0 	0 	: 	0 	: 	: 	: 	: 	: 	: 	: 	: 	: 	: 
NR,NMTZ_OTH,MT	0 	0 	0 	0 	: 	: 	: 	: 	: 	0 	0 	: 	: 	0 	: 	: 	: 	: 	: 	: 
NR,NMTZ_OTH,NL	: 	: 	: 	: 	: 	: 	: 	: 	: 	: 	: 	: 	: 	: 	: 	0 	0 	0 	2 	0 
NR,NMTZ_OTH,NO	: 	0 	0 	0 	0 	0 	0 	0 	0 	0 	0 	0 	0 	0 	0 	0 	0 	0 	: 	: 
NR,NMTZ_OTH,PL	: 	: 	: 	: 	: 	2 	0 	2 	5 	1 	0 	2 	1 	3 	7 	10 	9 	7 	16 	: 
NR,NMTZ_OTH,PT	: 	: 	: 	: 	: 	: 	: 	: 	: 	1 	2 	2 	2 	2 	2 	1 	1 	3 	2 	1 
NR,NMTZ_OTH,RO	60 	44 	46 	68 	55 	58 	67 	60 	69 	85 	69 	58 	73 	65 	49 	58 	56 	58 	67 	56 
NR,NMTZ_OTH,SE	0 	0 	0 	0 	0 	0 	0 	0 	0 	0 	0 	0 	0 	0 	0 	0 	0 	1 	0 	0 
NR,NMTZ_OTH,SI	0 	0 	1 	1 	0 	: 	: 	: 	: 	: 	: 	: 	: 	: 	: 	: 	: 	: 	: 	: 
NR,NMTZ_OTH,SK	: 	: 	: 	: 	: 	: 	: 	: 	0 	1 	0 	0 	0 	1 	0 	1 	0 	0 	: 	: 
NR,NMTZ_OTH,UK	0 	0 	: 	0 	0 	0 	0 	0 	0 	6 	2 	2 	12 	7 	8 	11 	2 	7 	5 	3 
NR,OTH,AT	47 	73 	73 	84 	71 	82 	81 	87 	98 	101 	102 	108 	110 	97 	132 	132 	160 	117 	140 	182 
NR,OTH,BE	74 	95 	81 	94 	107 	109 	104 	113 	108 	101 	99 	104 	122 	108 	101 	113 	127 	158 	142 	154 
NR,OTH,BG	123 	157 	118 	164 	156 	108 	135 	149 	174 	198 	278 	: 	: 	: 	: 	: 	: 	: 	: 	: 
NR,OTH,CH	43 	47 	50 	58 	43 	69 	75 	69 	75 	60 	59 	79 	76 	69 	95 	91 	96 	104 	: 	: 
NR,OTH,CY	8 	15 	14 	16 	10 	8 	10 	13 	13 	9 	16 	17 	19 	23 	: 	: 	: 	: 	: 	: 
NR,OTH,CZ	142 	129 	130 	150 	130 	162 	163 	176 	168 	176 	238 	232 	202 	298 	281 	290 	308 	322 	362 	342 
NR,OTH,DE	464 	489 	500 	545 	527 	561 	527 	614 	476 	591 	653 	695 	711 	686 	838 	812 	873 	900 	993 	: 
NR,OTH,DK	30 	20 	36 	27 	22 	34 	31 	33 	44 	52 	58 	68 	60 	44 	43 	49 	63 	49 	99 	82 
NR,OTH,EE	12 	10 	22 	24 	26 	23 	29 	26 	14 	23 	41 	38 	64 	50 	: 	: 	: 	: 	: 	: 
NR,OTH,EL	146 	118 	149 	128 	125 	151 	170 	223 	179 	202 	248 	255 	267 	234 	293 	257 	279 	338 	375 	399 
NR,OTH,ES	386 	351 	389 	367 	334 	370 	368 	377 	472 	471 	498 	588 	609 	676 	685 	785 	770 	845 	898 	906 
NR,OTH,FI	25 	27 	29 	32 	36 	34 	29 	41 	35 	30 	53 	48 	49 	45 	49 	59 	40 	62 	62 	67 
NR,OTH,FR	468 	480 	553 	466 	499 	465 	489 	519 	485 	496 	548 	561 	535 	635 	580 	623 	863 	818 	836 	929 
NR,OTH,HR	65 	56 	67 	61 	73 	69 	72 	71 	105 	103 	136 	124 	: 	: 	: 	: 	: 	: 	: 	: 
NR,OTH,HU	165 	170 	152 	149 	152 	147 	156 	124 	192 	186 	251 	288 	296 	289 	326 	299 	: 	: 	: 	: 
NR,OTH,IE	: 	: 	35 	31 	42 	31 	29 	47 	44 	40 	49 	81 	72 	72 	66 	64 	86 	89 	85 	92 
NR,OTH,IS	0 	0 	2 	1 	0 	1 	2 	4 	2 	2 	0 	1 	4 	1 	3 	3 	1 	: 	: 	: 
NR,OTH,IT	612 	600 	570 	602 	578 	551 	576 	589 	621 	667 	646 	627 	758 	786 	810 	871 	1226 	1032 	982 	847 
NR,OTH,LT	: 	: 	: 	81 	109 	96 	: 	: 	: 	: 	: 	: 	: 	: 	: 	: 	: 	: 	: 	: 
NR,OTH,LU	3 	4 	8 	7 	3 	5 	6 	6 	1 	12 	6 	7 	10 	2 	12 	7 	6 	11 	11 	2 
NR,OTH,LV	50 	51 	55 	63 	71 	70 	62 	60 	79 	82 	105 	158 	153 	174 	197 	: 	: 	: 	: 	: 
NR,OTH,MT	2 	7 	8 	5 	: 	: 	: 	: 	: 	: 	1 	3 	4 	6 	: 	: 	: 	: 	: 	: 
NR,OTH,NL	50 	64 	44 	60 	50 	51 	64 	65 	62 	63 	56 	86 	66 	83 	68 	97 	97 	106 	106 	111 
NR,OTH,NO	: 	11 	15 	12 	18 	18 	22 	16 	24 	26 	31 	23 	36 	32 	22 	34 	35 	45 	: 	: 
NR,OTH,PL	: 	873 	868 	915 	1116 	1140 	1157 	1408 	1236 	1467 	1882 	1951 	1802 	1756 	1987 	1879 	1987 	1866 	2256 	: 
NR,OTH,PT	: 	130 	123 	146 	145 	144 	159 	199 	195 	147 	154 	155 	153 	212 	231 	277 	336 	333 	384 	393 
NR,OTH,RO	690 	733 	717 	649 	697 	726 	728 	747 	868 	1015 	1067 	1113 	1034 	978 	1059 	944 	1101 	1088 	1110 	1178 
NR,OTH,SE	34 	37 	42 	28 	52 	42 	50 	53 	31 	44 	45 	58 	55 	50 	67 	55 	58 	87 	73 	86 
NR,OTH,SI	13 	10 	22 	16 	14 	20 	19 	21 	26 	24 	39 	32 	36 	37 	35 	38 	41 	42 	60 	: 
NR,OTH,SK	: 	: 	: 	: 	: 	: 	: 	: 	126 	113 	204 	217 	214 	174 	199 	198 	198 	198 	: 	: 
NR,OTH,UK	472 	485 	463 	427 	464 	405 	429 	466 	415 	524 	591 	663 	697 	699 	694 	802 	808 	858 	889 	909 
NR,QUA_GT50,EE	1 	0 	1 	: 	: 	: 	: 	: 	: 	: 	: 	: 	: 	: 	: 	: 	: 	: 	: 	: 
NR,QUA_GT50,ES	4 	2 	3 	1 	0 	: 	: 	: 	: 	: 	: 	: 	: 	: 	: 	: 	: 	: 	: 	: 
NR,QUA_GT50,FR	11 	22 	17 	16 	: 	: 	: 	: 	: 	: 	3 	: 	: 	: 	: 	: 	: 	: 	: 	: 
NR,QUA_GT50,HR	2 	: 	1 	: 	: 	: 	: 	: 	: 	: 	: 	: 	: 	: 	: 	: 	: 	: 	: 	: 
NR,QUA_GT50,IS	1 	0 	0 	0 	0 	1 	0 	0 	0 	1 	0 	0 	0 	0 	: 	: 	: 	: 	: 	: 
NR,QUA_GT50,LU	1 	0 	0 	0 	0 	0 	0 	0 	: 	: 	: 	: 	: 	: 	: 	: 	: 	: 	: 	: 
NR,QUA_GT50,MT	0 	1 	0 	0 	: 	: 	: 	: 	: 	: 	: 	: 	: 	: 	: 	: 	: 	: 	: 	: 
NR,QUA_GT50,SI	0 	1 	0 	1 	0 	0 	: 	: 	: 	: 	: 	: 	: 	: 	: 	: 	: 	: 	: 	: 
NR,QUA_LE50,BG	: 	0 	: 	: 	: 	: 	: 	: 	: 	: 	: 	: 	: 	: 	: 	: 	: 	: 	: 	: 
NR,QUA_LE50,ES	1 	3 	0 	1 	2 	: 	: 	: 	: 	: 	: 	: 	: 	: 	: 	: 	: 	: 	: 	: 
NR,QUA_LE50,FR	1 	2 	0 	0 	: 	: 	: 	: 	: 	: 	11 	: 	: 	: 	: 	: 	: 	: 	: 	: 
NR,QUA_LE50,HR	0 	: 	0 	: 	: 	: 	: 	: 	: 	: 	: 	: 	: 	: 	: 	: 	: 	: 	: 	: 
NR,QUA_LE50,LU	: 	0 	0 	: 	: 	: 	: 	: 	: 	: 	: 	: 	: 	: 	: 	: 	: 	: 	: 	: 
NR,QUA_LE50,SI	0 	0 	0 	: 	0 	: 	: 	: 	: 	: 	: 	: 	: 	: 	: 	: 	: 	: 	: 	: 
NR,TOTAL,AT	409 	414 	432 	479 	430 	455 	531 	523 	552 	633 	679 	691 	730 	768 	878 	931 	956 	958 	976 	1079 
NR,TOTAL,BE	604 	609 	670 	762 	745 	764 	770 	862 	850 	944 	944 	1071 	1069 	1089 	1162 	1213 	1306 	1486 	1470 	1397 
NR,TOTAL,BG	610 	682 	708 	708 	661 	601 	601 	656 	776 	901 	1061 	1006 	1043 	957 	943 	960 	959 	1011 	1012 	1047 
NR,TOTAL,CH	233 	230 	216 	253 	243 	269 	339 	320 	327 	349 	357 	384 	370 	409 	510 	546 	513 	544 	592 	583 
NR,TOTAL,CY	49 	53 	46 	57 	45 	44 	51 	71 	60 	71 	82 	89 	86 	102 	117 	97 	94 	98 	111 	113 
NR,TOTAL,CZ	656 	577 	611 	734 	688 	654 	742 	773 	802 	901 	1076 	1221 	1063 	1286 	1382 	1447 	1430 	1333 	1486 	1455 
NR,TOTAL,DE	3275 	3180 	3206 	3459 	3377 	3339 	3600 	4009 	3648 	4152 	4477 	4949 	5091 	5361 	5842 	6613 	6842 	6977 	7503 	7772 
NR,TOTAL,DK	171 	175 	211 	178 	182 	191 	167 	220 	255 	303 	406 	406 	306 	331 	369 	432 	463 	431 	498 	514 
NR,TOTAL,EE	67 	48 	71 	67 	78 	81 	87 	101 	79 	98 	132 	196 	204 	170 	170 	164 	223 	199 	204 	232 
NR,TOTAL,EL	700 	731 	824 	793 	795 	879 	988 	1141 	1258 	1456 	1553 	1612 	1657 	1658 	1670 	1605 	1634 	1880 	2037 	2116 
NR,TOTAL,ES	1806 	1830 	1810 	1689 	1680 	1667 	1889 	2042 	2444 	2687 	3064 	3785 	4069 	4406 	4715 	5373 	5312 	5478 	5746 	5709 
NR,TOTAL,EU27_2020	23339 d	23394 d	23812 d	24358 	24133 	24213 	26429 	28708 	29576 	32978 	36880 	40038 	40365 	42552 	44466 	47331 	50343 	51282 	53410 	54680 
NR,TOTAL,EU28	25178 d	25250 d	25672 d	26162 	25987 	25983 	28231 	30668 	31481 	35315 	39525 	43097 	43663 	45888 	47834 	50989 	53924 	54880 	56990 	58244 
NR,TOTAL,FI	239 	238 	258 	270 	229 	258 	255 	292 	272 	279 	344 	380 	336 	379 	375 	379 	415 	433 	396 	431 
NR,TOTAL,FR	3246 	3444 	3471 	3459 	3384 	3268 	3653 	3963 	3992 	4273 	4275 	4620 	4709 	5318 	5506 	6034 	7630 	8136 	8059 	8462 
NR,TOTAL,HR	317 	331 	307 	348 	308 	368 	393 	418 	426 	548 	664 	619 	614 	597 	608 	701 	627 	647 	655 	662 
NR,TOTAL,HU	633 	625 	607 	644 	626 	591 	605 	638 	740 	822 	996 	1232 	1303 	1278 	1296 	1326 	1429 	1239 	1200 	1306 
NR,TOTAL,IE	142 d	156 d	182 	162 	193 	188 	162 	186 	212 	238 	280 	338 	365 	400 	377 	337 	378 	412 	418 	414 
NR,TOTAL,IS	18 	16 	18 	16 	4 	15 	9 	12 	8 	17 	12 	15 	31 	19 	23 	23 	29 	24 	32 	21 
NR,TOTAL,IT	3334 	3378 	3283 	3428 	3381 	3401 	3753 	3860 	4114 	4237 	4725 	5131 	5669 	5818 	6122 	6563 	6980 	7096 	7061 	6688 
NR,TOTAL,LI	0 d	2 d	0 d	2 d	3 d	2 	1 	2 	0 	1 	1 	0 	0 	2 	1 	5 	0 	2 	3 	0 
NR,TOTAL,LT	173 d	191 d	192 d	242 	267 	256 	302 	296 	299 	370 	499 	740 	760 	773 	752 	709 	697 	706 	641 	748 
NR,TOTAL,LU	36 	25 	32 	36 	35 	45 	34 	33 	32 	48 	35 	46 	43 	47 	50 	53 	62 	70 	76 	58 
NR,TOTAL,LV	148 	136 	158 	188 	212 	179 	177 	179 	218 	254 	316 	419 	407 	442 	516 	532 	559 	558 	635 	652 
NR,TOTAL,MT	18 	19 	23 	11 	10 	17 	9 	16 	13 	15 	9 	12 	11 	17 	13 	16 	16 	16 	15 	4 
NR,TOTAL,NL	598 	535 	533 	531 	476 	476 	562 	546 	537 	644 	677 	709 	730 	750 	804 	1028 	987 	993 	1082 	1090 
NR,TOTAL,NO	108 d	106 	135 	117 	147 	187 	145 	168 	208 	212 	255 	233 	242 	224 	257 	280 	310 	275 	341 	304 
NR,TOTAL,PL	2862 d	2831 	3026 	2938 	3202 	3357 	3571 	4189 	3908 	4572 	5437 	5583 	5243 	5444 	5712 	5642 	5826 	5534 	6294 	6730 
NR,TOTAL,PT	704 d	602 	563 	593 	638 	637 	718 	891 	937 	823 	867 	958 	949 	1228 	1283 	1523 	1653 	1655 	1836 	1972 
NR,TOTAL,RO	1867 	1951 	1913 	1893 	1818 	1861 	2042 	2018 	2377 	2796 	3065 	2800 	2587 	2629 	2442 	2229 	2411 	2450 	2466 	2468 
NR,TOTAL,SE	324 	253 	270 	259 	270 	260 	285 	319 	266 	358 	397 	471 	445 	440 	480 	529 	560 	583 	591 	580 
NR,TOTAL,SI	91 	104 	130 	120 	108 	125 	130 	141 	138 	171 	214 	293 	262 	258 	274 	242 	269 	278 	314 	334 
NR,TOTAL,SK	260 d	276 d	275 d	310 	295 	251 	352 	325 	371 	384 	606 	661 	614 	606 	608 	653 	625 	625 	628 	647 
NR,TOTAL,TR	6675 d	7427 d	7300 d	7530 d	3524 d	3685 d	: 	: 	: 	: 	: 	: 	: 	: 	: 	: 	: 	: 	: 	: 
NR,TOTAL,UK	1839 	1856 	1860 	1804 	1854 	1770 	1802 	1960 	1905 	2337 	2645 	3059 	3298 	3336 	3368 	3658 	3581 	3598 	3580 	3564 
NR,TRC,AT	3 	6 	6 	4 	4 	3 	3 	1 	4 	5 	1 	6 	6 	5 	11 	5 	4 	8 	4 	7 
NR,TRC,BE	14 	10 	14 	13 	9 	6 	9 	11 	10 	10 	9 	13 	12 	13 	11 	14 	10 	22 	16 	15 
NR,TRC,BG	: 	: 	: 	: 	: 	: 	: 	: 	: 	0 	1 	: 	: 	: 	: 	: 	: 	: 	: 	: 
NR,TRC,CH	0 	1 	0 	0 	1 	0 	0 	0 	0 	1 	1 	1 	1 	1 	0 	0 	0 	6 	: 	: 
NR,TRC,DE	: 	: 	: 	: 	: 	: 	: 	5 	5 	4 	3 	2 	1 	5 	0 	3 	2 	2 	5 	: 
NR,TRC,DK	: 	: 	: 	: 	: 	: 	: 	: 	2 	2 	1 	1 	1 	2 	3 	1 	1 	0 	3 	1 
NR,TRC,EE	: 	: 	: 	: 	: 	: 	: 	: 	: 	: 	: 	0 	0 	0 	: 	: 	: 	: 	: 	: 
NR,TRC,EL	1 	1 	3 	3 	1 	0 	1 	1 	1 	1 	2 	2 	5 	3 	2 	4 	2 	6 	10 	5 
NR,TRC,ES	41 	44 	41 	31 	29 	19 	26 	28 	32 	29 	32 	42 	61 	85 	74 	80 	72 	59 	82 	55 
NR,TRC,FR	17 	21 	20 	22 	29 	28 	22 	25 	33 	24 	30 	37 	32 	51 	51 	58 	76 	81 	70 	66 
NR,TRC,HR	1 	: 	3 	: 	: 	: 	: 	: 	: 	: 	: 	: 	: 	: 	: 	: 	: 	: 	: 	: 
NR,TRC,HU	4 	3 	5 	3 	2 	2 	2 	1 	3 	3 	5 	2 	3 	3 	6 	1 	: 	: 	: 	: 
NR,TRC,IE	: 	: 	2 	1 	1 	2 	1 	0 	2 	4 	1 	3 	1 	0 	3 	8 	3 	2 	3 	3 
NR,TRC,IT	30 	32 	24 	30 	34 	26 	30 	34 	33 	34 	42 	55 	49 	62 	53 	66 	56 	68 	73 	73 
NR,TRC,LT	: 	: 	: 	0 	0 	0 	: 	: 	: 	: 	: 	: 	: 	: 	: 	: 	: 	: 	: 	: 
NR,TRC,LU	0 	0 	0 	1 	0 	2 	0 	: 	: 	: 	: 	: 	: 	: 	: 	: 	: 	: 	: 	: 
NR,TRC,LV	0 	0 	: 	: 	3 	2 	: 	1 	0 	2 	1 	3 	4 	2 	4 	: 	: 	: 	: 	: 
NR,TRC,MT	0 	0 	0 	0 	: 	: 	: 	: 	: 	: 	: 	: 	: 	: 	: 	: 	: 	: 	: 	: 
NR,TRC,NL	6 	3 	2 	3 	3 	5 	3 	2 	1 	3 	4 	3 	4 	4 	2 	5 	5 	5 	2 	5 
NR,TRC,NO	: 	1 	0 	0 	1 	0 	0 	1 	0 	2 	0 	3 	1 	0 	0 	1 	0 	2 	: 	: 
NR,TRC,PT	: 	0 	1 	1 	1 	2 	0 	2 	2 	1 	2 	5 	1 	5 	3 	: 	: 	: 	: 	: 
NR,TRC,RO	8 	6 	7 	4 	4 	6 	7 	6 	9 	5 	6 	2 	4 	5 	0 	0 	1 	1 	2 	1 
NR,TRC,SI	0 	0 	2 	0 	0 	1 	0 	1 	1 	0 	0 	2 	2 	3 	4 	0 	5 	3 	3 	: 
NR,TRC,SK	: 	: 	: 	: 	: 	: 	: 	: 	1 	2 	0 	1 	4 	1 	5 	3 	3 	3 	: 	: 
NR,TRC_AGR,AT	9 	4 	3 	3 	8 	4 	3 	6 	7 	13 	6 	9 	8 	8 	7 	10 	12 	15 	19 	12 
NR,TRC_AGR,BE	4 	1 	2 	5 	0 	3 	2 	1 	3 	1 	3 	3 	2 	1 	3 	2 	1 	0 	5 	4 
NR,TRC_AGR,BG	1 	0 	: 	: 	: 	: 	: 	: 	: 	1 	0 	: 	: 	: 	: 	: 	: 	: 	: 	: 
NR,TRC_AGR,CH	6 	5 	4 	4 	5 	5 	5 	5 	4 	4 	8 	9 	9 	5 	3 	8 	6 	7 	: 	: 
NR,TRC_AGR,CY	1 	0 	1 	0 	0 	0 	0 	2 	0 	0 	1 	0 	1 	0 	: 	: 	: 	: 	: 	: 
NR,TRC_AGR,CZ	0 	2 	1 	4 	1 	1 	4 	1 	4 	1 	0 	3 	4 	6 	4 	6 	9 	3 	4 	9 
NR,TRC_AGR,DE	20 	15 	9 	25 	27 	12 	15 	17 	16 	18 	11 	18 	24 	18 	13 	25 	25 	16 	22 	: 
NR,TRC_AGR,DK	0 	0 	1 	0 	0 	0 	1 	3 	0 	0 	1 	1 	2 	3 	0 	0 	0 	1 	1 	2 
NR,TRC_AGR,EE	0 	0 	0 	0 	0 	0 	2 	0 	1 	0 	0 	0 	0 	2 	: 	: 	: 	: 	: 	: 
NR,TRC_AGR,EL	17 	14 	11 	12 	13 	17 	17 	25 	23 	31 	44 	24 	29 	26 	37 	46 	43 	72 	54 	71 
NR,TRC_AGR,ES	20 	14 	19 	21 	13 	17 	18 	25 	17 	21 	25 	38 	30 	25 	39 	22 	15 	27 	34 	30 
NR,TRC_AGR,FI	2 	3 	6 	5 	3 	4 	1 	2 	2 	4 	6 	2 	2 	0 	1 	3 	2 	2 	4 	3 
NR,TRC_AGR,FR	16 	11 	8 	5 	13 	7 	7 	6 	13 	10 	11 	11 	12 	12 	12 	24 	19 	11 	26 	19 
NR,TRC_AGR,HR	9 	4 	5 	5 	8 	12 	11 	6 	8 	13 	8 	12 	: 	: 	: 	: 	: 	: 	: 	: 
NR,TRC_AGR,IS	0 	0 	0 	1 	0 	0 	0 	0 	0 	1 	0 	: 	: 	0 	0 	0 	0 	: 	: 	: 
NR,TRC_AGR,IT	15 	13 	19 	22 	26 	25 	9 	27 	25 	20 	23 	24 	12 	32 	26 	27 	25 	27 	29 	38 
NR,TRC_AGR,LT	: 	: 	: 	0 	0 	3 	: 	: 	: 	: 	: 	: 	: 	: 	: 	: 	: 	: 	: 	: 
NR,TRC_AGR,LU	0 	0 	0 	0 	0 	0 	0 	0 	1 	0 	0 	0 	0 	0 	0 	0 	0 	0 	2 	0 
NR,TRC_AGR,LV	4 	2 	0 	6 	5 	2 	3 	8 	5 	0 	2 	6 	6 	7 	8 	: 	: 	: 	: 	: 
NR,TRC_AGR,MT	: 	: 	0 	: 	: 	: 	: 	: 	0 	0 	0 	0 	0 	0 	: 	: 	: 	: 	: 	: 
NR,TRC_AGR,NL	0 	: 	0 	2 	1 	0 	1 	3 	0 	1 	1 	2 	1 	4 	2 	5 	2 	1 	3 	4 
NR,TRC_AGR,NO	: 	0 	2 	1 	2 	3 	1 	1 	1 	2 	3 	1 	0 	0 	2 	1 	2 	1 	: 	: 
NR,TRC_AGR,PL	: 	17 	13 	15 	19 	23 	23 	26 	23 	23 	29 	43 	23 	67 	57 	45 	51 	61 	80 	: 
NR,TRC_AGR,PT	: 	23 	19 	13 	24 	21 	26 	31 	28 	31 	29 	31 	40 	32 	35 	24 	31 	30 	37 	28 
NR,TRC_AGR,RO	8 	8 	2 	7 	3 	6 	4 	5 	3 	9 	5 	6 	3 	7 	0 	1 	0 	1 	0 	0 
NR,TRC_AGR,SE	3 	1 	3 	2 	0 	1 	1 	6 	0 	1 	0 	1 	3 	1 	5 	2 	3 	0 	4 	6 
NR,TRC_AGR,SI	1 	0 	4 	2 	0 	3 	0 	1 	1 	5 	2 	4 	: 	1 	6 	1 	3 	8 	6 	: 
NR,TRC_AGR,UK	6 	3 	4 	7 	7 	5 	2 	4 	2 	4 	1 	1 	0 	0 	7 	11 	1 	3 	7 	2 
NR,TRM_LR,BE	0 	0 	0 	0 	0 	0 	: 	: 	0 	: 	: 	: 	: 	: 	: 	: 	: 	: 	: 	: 
NR,TRM_LR,BG	0 	1 	0 	0 	0 	0 	0 	0 	0 	0 	0 	: 	: 	: 	: 	: 	: 	: 	: 	: 
NR,TRM_LR,CH	0 	0 	0 	1 	1 	0 	0 	0 	0 	0 	0 	0 	0 	0 	0 	0 	0 	1 	: 	: 
NR,TRM_LR,DE	2 	0 	0 	2 	2 	0 	0 	: 	: 	: 	: 	: 	: 	: 	: 	: 	: 	: 	: 	: 
NR,TRM_LR,EE	0 	0 	0 	: 	: 	: 	: 	: 	: 	: 	: 	: 	: 	: 	: 	: 	: 	: 	: 	: 
NR,TRM_LR,ES	0 	0 	0 	0 	0 	: 	: 	: 	: 	: 	: 	: 	: 	: 	: 	: 	: 	: 	: 	: 
NR,TRM_LR,FI	0 	0 	0 	0 	0 	0 	0 	: 	: 	: 	: 	: 	: 	: 	: 	: 	: 	: 	: 	: 
NR,TRM_LR,FR	0 	0 	0 	0 	: 	: 	: 	: 	: 	: 	: 	: 	: 	: 	: 	: 	: 	: 	: 	: 
NR,TRM_LR,HR	0 	: 	0 	: 	: 	: 	: 	: 	: 	: 	: 	: 	: 	: 	: 	: 	: 	: 	: 	: 
NR,TRM_LR,HU	0 	0 	2 	0 	0 	0 	0 	0 	0 	: 	: 	: 	: 	: 	: 	: 	: 	: 	: 	: 
NR,TRM_LR,IT	0 	0 	0 	0 	0 	0 	0 	0 	0 	: 	: 	: 	: 	: 	: 	: 	: 	: 	: 	: 
NR,TRM_LR,LT	: 	: 	: 	: 	0 	0 	: 	: 	: 	: 	: 	: 	: 	: 	: 	: 	: 	: 	: 	: 
NR,TRM_LR,LU	: 	0 	: 	: 	: 	: 	: 	: 	: 	: 	: 	: 	: 	: 	: 	: 	: 	: 	: 	: 
NR,TRM_LR,LV	0 	0 	0 	0 	0 	0 	0 	0 	1 	1 	0 	: 	: 	0 	0 	: 	: 	: 	: 	: 
NR,TRM_LR,PL	: 	1 	0 	0 	3 	: 	: 	: 	: 	: 	: 	: 	: 	: 	: 	: 	: 	: 	: 	: 
NR,TRM_LR,PT	: 	0 	0 	0 	0 	0 	0 	0 	0 	: 	: 	: 	: 	: 	: 	: 	: 	: 	: 	: 
NR,TRM_LR,SE	0 	0 	0 	0 	0 	0 	0 	0 	0 	0 	: 	: 	: 	: 	: 	: 	: 	: 	: 	: 
NR,TRM_LR,UK	0 	0 	0 	0 	0 	0 	0 	0 	0 	: 	: 	: 	: 	: 	: 	: 	: 	: 	: 	: 
NR,UNK,AT	4 	1 	0 	0 	2 	0 	1 	3 	12 	10 	2 	8 	5 	7 	6 	7 	3 	3 	5 	1 
NR,UNK,BE	4 	5 	6 	14 	13 	21 	52 	26 	35 	61 	70 	79 	48 	71 	147 	87 	3 	2 	2 	1 
NR,UNK,BG	68 	87 	75 	0 	: 	: 	: 	: 	: 	5 	5 	1006 	1043 	957 	943 	960 	959 	1011 	1012 	1047 
NR,UNK,CH	0 	5 	2 	2 	2 	2 	3 	4 	1 	4 	2 	3 	3 	3 	5 	4 	5 	7 	592 	583 
NR,UNK,CY	0 	0 	0 	1 	2 	0 	3 	3 	0 	1 	1 	4 	1 	1 	117 	97 	94 	98 	111 	113 
NR,UNK,CZ	0 	0 	0 	0 	0 	0 	0 	0 	0 	0 	0 	0 	0 	0 	0 	0 	0 	0 	0 	0 
NR,UNK,DE	14 	8 	9 	4 	3 	9 	6 	10 	7 	26 	12 	19 	18 	17 	25 	16 	25 	27 	19 	7772 
NR,UNK,DK	0 	0 	0 	0 	0 	0 	0 	0 	0 	0 	1 	0 	0 	0 	0 	0 	1 	0 	2 	0 
NR,UNK,EE	18 	8 	4 	3 	6 	4 	2 	5 	6 	1 	2 	4 	7 	6 	170 	164 	223 	199 	204 	232 
NR,UNK,EL	0 	3 	4 	1 	2 	6 	8 	1 	6 	12 	7 	13 	6 	11 	5 	5 	3 	8 	15 	10 
NR,UNK,ES	3 	1 	4 	0 	2 	23 	44 	30 	46 	45 	43 	61 	63 	64 	25 	28 	25 	35 	33 	29 
NR,UNK,EU27_2020	: 	: 	: 	: 	: 	: 	: 	: 	: 	691 	768 	: 	2769 	2660 	2949 	: 	4779 	4660 	: 	20474 
NR,UNK,EU28	: 	: 	: 	: 	: 	: 	: 	: 	: 	692 	769 	: 	2770 	2660 	2949 	: 	4780 	4660 	: 	20474 
NR,UNK,FI	: 	: 	: 	: 	: 	: 	: 	0 	0 	0 	0 	0 	0 	1 	1 	1 	0 	2 	2 	0 
NR,UNK,FR	: 	: 	: 	: 	28 	21 	33 	26 	31 	33 	11 	29 	32 	17 	17 	29 	7 	8 	13 	16 
NR,UNK,HR	0 	0 	0 	0 	0 	0 	0 	0 	1 	1 	1 	0 	614 	597 	608 	701 	627 	647 	655 	662 
NR,UNK,HU	0 	0 	1 	0 	0 	0 	0 	0 	0 	0 	7 	4 	9 	7 	6 	19 	1429 	1239 	1200 	1306 
NR,UNK,IE	: 	: 	1 	4 	3 	5 	4 	0 	6 	2 	9 	5 	8 	13 	20 	7 	7 	4 	5 	6 
NR,UNK,IS	0 	0 	0 	0 	0 	0 	0 	0 	0 	0 	0 	0 	0 	0 	1 	1 	1 	24 	32 	21 
NR,UNK,IT	61 	20 	15 	21 	16 	19 	22 	16 	3 	10 	18 	20 	23 	34 	26 	31 	17 	17 	140 	137 
NR,UNK,LI	: 	: 	: 	: 	: 	2 	1 	2 	0 	1 	1 	0 	0 	2 	1 	5 	0 	2 	3 	0 
NR,UNK,LT	: 	: 	: 	2 	0 	3 	302 	296 	299 	370 	499 	740 	760 	773 	752 	709 	697 	706 	641 	748 
NR,UNK,LU	: 	: 	: 	: 	: 	: 	0 	: 	0 	0 	0 	: 	0 	0 	0 	: 	0 	0 	: 	0 
NR,UNK,LV	0 	0 	1 	1 	0 	1 	0 	0 	0 	2 	2 	5 	3 	0 	0 	532 	559 	558 	635 	652 
NR,UNK,MT	0 	0 	0 	0 	10 	17 	9 	16 	1 	1 	0 	1 	0 	0 	13 	16 	16 	16 	15 	4 
NR,UNK,NL	79 	57 	54 	43 	34 	37 	13 	17 	14 	8 	12 	7 	7 	6 	4 	3 	0 	1 	3 	0 
NR,UNK,NO	: 	0 	0 	1 	0 	0 	0 	0 	0 	0 	0 	0 	0 	0 	0 	1 	0 	0 	341 	304 
NR,UNK,PL	: 	136 	2 	11 	15 	14 	10 	11 	13 	18 	17 	16 	47 	6 	4 	2 	7 	7 	7 	6730 
NR,UNK,PT	: 	0 	1 	0 	0 	1 	2 	0 	0 	47 	0 	0 	0 	0 	0 	0 	0 	0 	0 	0 
NR,UNK,RO	7 	2 	3 	8 	9 	4 	12 	12 	5 	11 	25 	17 	20 	28 	16 	17 	25 	26 	36 	27 
NR,UNK,SE	7 	3 	6 	4 	5 	2 	4 	0 	0 	0 	0 	0 	0 	0 	0 	0 	1 	0 	0 	0 
NR,UNK,SI	13 	20 	18 	21 	22 	19 	20 	28 	23 	26 	23 	54 	55 	44 	44 	43 	51 	45 	50 	334 
NR,UNK,SK	: 	: 	: 	310 	295 	251 	352 	325 	0 	1 	1 	1 	0 	0 	0 	1 	0 	1 	628 	647 
NR,UNK,UK	14 	8 	15 	21 	10 	11 	7 	20 	21 	1 	1 	0 	1 	0 	0 	0 	1 	0 	0 	0 
NR,VEH_GD,BG	: 	: 	: 	32 	23 	24 	21 	20 	30 	33 	27 	: 	: 	: 	: 	: 	: 	: 	: 	: 
NR,VEH_GD,DE	65 	43 	38 	58 	40 	148 	154 	: 	: 	: 	: 	: 	: 	: 	: 	: 	: 	: 	: 	: 
NR,VEH_GD,EE	3 	1 	2 	: 	: 	: 	: 	: 	: 	: 	: 	: 	: 	: 	: 	: 	: 	: 	: 	: 
NR,VEH_GD,HR	: 	: 	: 	: 	: 	: 	: 	: 	: 	16 	20 	17 	: 	: 	: 	: 	: 	: 	: 	: 
NR,VEH_GD,HU	: 	: 	: 	: 	: 	: 	: 	: 	: 	2 	0 	0 	0 	0 	0 	0 	: 	: 	: 	: 
NR,VEH_GD,IT	: 	: 	: 	: 	: 	: 	: 	: 	: 	139 	177 	148 	202 	192 	191 	223 	266 	244 	: 	: 
NR,VEH_GD,LV	2 	0 	0 	1 	1 	0 	0 	1 	0 	2 	1 	: 	: 	1 	2 	: 	: 	: 	: 	: 
NR,VEH_GD,MT	0 	: 	0 	: 	: 	: 	: 	: 	: 	: 	: 	: 	: 	: 	: 	: 	: 	: 	: 	: 
NR,VEH_GD,PL	: 	: 	114 	74 	92 	90 	104 	138 	142 	136 	175 	198 	227 	217 	229 	264 	270 	243 	225 	: 
NR,VEH_GD,SI	6 	3 	1 	1 	1 	0 	: 	: 	: 	: 	: 	: 	: 	: 	: 	: 	: 	: 	: 	: 
NR,VEH_GD,UK	3 	1 	3 	2 	0 	0 	0 	1 	0 	: 	: 	: 	: 	: 	: 	: 	: 	: 	: 	: 
NR,VG_GT3P5,AT	1 	2 	7 	4 	5 	3 	1 	5 	3 	4 	2 	5 	9 	6 	10 	9 	8 	6 	6 	6 
NR,VG_GT3P5,BE	5 	6 	10 	3 	5 	9 	8 	4 	4 	10 	16 	12 	4 	3 	7 	1 	5 	6 	4 	5 
NR,VG_GT3P5,BG	0 	0 	: 	: 	: 	: 	: 	: 	: 	: 	: 	: 	: 	: 	: 	: 	: 	: 	: 	: 
NR,VG_GT3P5,CH	2 	1 	1 	3 	1 	3 	1 	1 	2 	1 	3 	3 	0 	3 	3 	0 	2 	4 	: 	: 
NR,VG_GT3P5,CY	0 	0 	0 	0 	0 	2 	1 	: 	0 	0 	0 	0 	0 	0 	: 	: 	: 	: 	: 	: 
NR,VG_GT3P5,CZ	19 	20 	18 	9 	23 	19 	25 	23 	27 	20 	18 	21 	22 	26 	32 	29 	20 	22 	34 	23 
NR,VG_GT3P5,DE	30 	29 	32 	26 	32 	: 	: 	83 	82 	75 	88 	129 	112 	92 	105 	104 	111 	91 	127 	: 
NR,VG_GT3P5,DK	3 	2 	3 	2 	1 	1 	0 	1 	0 	1 	1 	3 	1 	0 	0 	1 	4 	2 	0 	2 
NR,VG_GT3P5,EE	: 	: 	: 	0 	3 	2 	1 	0 	1 	6 	3 	3 	6 	7 	: 	: 	: 	: 	: 	: 
NR,VG_GT3P5,EL	9 	8 	3 	8 	11 	7 	10 	9 	13 	6 	17 	12 	18 	12 	17 	22 	21 	22 	16 	33 
NR,VG_GT3P5,ES	17 	13 	14 	28 	19 	24 	24 	44 	38 	39 	51 	46 	68 	53 	74 	78 	97 	88 	111 	118 
NR,VG_GT3P5,FI	3 	10 	5 	4 	4 	6 	10 	5 	9 	6 	5 	7 	7 	6 	2 	9 	5 	6 	9 	5 
NR,VG_GT3P5,FR	27 	30 	35 	34 	27 	29 	34 	42 	32 	30 	46 	31 	55 	39 	30 	53 	53 	57 	50 	42 
NR,VG_GT3P5,HR	1 	0 	0 	6 	4 	2 	2 	2 	4 	1 	1 	0 	: 	: 	: 	: 	: 	: 	: 	: 
NR,VG_GT3P5,HU	10 	4 	7 	8 	12 	11 	13 	9 	8 	7 	17 	13 	25 	12 	21 	13 	: 	: 	: 	: 
NR,VG_GT3P5,IE	: 	: 	1 	0 	2 	0 	1 	0 	0 	0 	3 	4 	1 	4 	4 	0 	0 	4 	3 	3 
NR,VG_GT3P5,IS	0 	0 	1 	0 	0 	0 	0 	0 	1 	1 	1 	0 	0 	0 	1 	2 	0 	: 	: 	: 
NR,VG_GT3P5,IT	20 	60 	59 	14 	12 	17 	16 	16 	20 	: 	: 	: 	: 	: 	: 	: 	: 	: 	43 	33 
NR,VG_GT3P5,LT	: 	: 	: 	3 	4 	6 	: 	: 	: 	: 	: 	: 	: 	: 	: 	: 	: 	: 	: 	: 
NR,VG_GT3P5,LU	0 	0 	0 	0 	0 	0 	0 	0 	1 	0 	0 	4 	2 	0 	0 	0 	3 	1 	0 	1 
NR,VG_GT3P5,LV	1 	4 	3 	4 	1 	1 	4 	0 	0 	2 	1 	9 	9 	3 	7 	: 	: 	: 	: 	: 
NR,VG_GT3P5,MT	0 	0 	0 	0 	: 	: 	: 	: 	0 	0 	1 	0 	0 	0 	: 	: 	: 	: 	: 	: 
NR,VG_GT3P5,NL	1 	4 	4 	6 	3 	2 	4 	0 	3 	1 	6 	4 	5 	7 	8 	3 	6 	11 	6 	9 
NR,VG_GT3P5,NO	: 	1 	5 	4 	6 	11 	2 	7 	8 	7 	9 	2 	7 	11 	5 	10 	8 	7 	: 	: 
NR,VG_GT3P5,PT	: 	4 	6 	9 	7 	16 	16 	12 	10 	25 	13 	19 	16 	24 	23 	30 	17 	29 	37 	33 
NR,VG_GT3P5,RO	6 	6 	4 	11 	13 	12 	14 	19 	4 	9 	20 	23 	22 	35 	45 	61 	43 	55 	56 	53 
NR,VG_GT3P5,SE	4 	3 	6 	5 	5 	5 	2 	4 	5 	3 	5 	6 	7 	6 	5 	6 	13 	5 	11 	5 
NR,VG_GT3P5,SI	0 	0 	0 	0 	0 	0 	0 	0 	0 	0 	0 	2 	: 	0 	0 	0 	0 	0 	0 	: 
NR,VG_GT3P5,SK	: 	: 	: 	: 	: 	: 	: 	: 	18 	15 	18 	21 	16 	17 	14 	17 	17 	8 	: 	: 
NR,VG_GT3P5,UK	14 	21 	14 	31 	14 	22 	30 	28 	30 	15 	24 	54 	41 	59 	47 	46 	63 	57 	59 	52 
NR,VG_LE3P5,AT	11 	16 	10 	12 	10 	15 	15 	5 	10 	13 	19 	15 	16 	24 	22 	28 	19 	25 	18 	13 
NR,VG_LE3P5,BE	30 	29 	38 	37 	27 	38 	29 	29 	39 	43 	40 	49 	34 	44 	32 	27 	40 	48 	52 	42 
NR,VG_LE3P5,BG	0 	1 	: 	: 	: 	: 	: 	: 	: 	: 	: 	: 	: 	: 	: 	: 	: 	: 	: 	: 
NR,VG_LE3P5,CH	2 	2 	1 	1 	3 	3 	6 	8 	6 	3 	5 	4 	8 	6 	6 	13 	6 	9 	: 	: 
NR,VG_LE3P5,CY	7 	4 	5 	0 	4 	1 	4 	4 	5 	12 	8 	4 	4 	9 	: 	: 	: 	: 	: 	: 
NR,VG_LE3P5,CZ	2 	12 	17 	15 	16 	15 	7 	15 	18 	25 	27 	45 	31 	36 	35 	20 	32 	27 	32 	26 
NR,VG_LE3P5,DE	79 	95 	63 	62 	71 	: 	: 	86 	75 	85 	92 	84 	122 	116 	128 	129 	131 	137 	147 	: 
NR,VG_LE3P5,DK	13 	5 	6 	9 	9 	17 	6 	10 	14 	16 	22 	24 	24 	23 	13 	20 	29 	22 	23 	27 
NR,VG_LE3P5,EE	: 	: 	: 	: 	: 	: 	: 	: 	: 	0 	0 	0 	0 	0 	: 	: 	: 	: 	: 	: 
NR,VG_LE3P5,EL	31 	43 	31 	44 	35 	38 	51 	51 	62 	75 	62 	56 	82 	72 	74 	86 	72 	94 	118 	112 
NR,VG_LE3P5,ES	93 	98 	88 	93 	111 	68 	97 	97 	110 	165 	181 	229 	257 	238 	288 	311 	336 	317 	316 	325 
NR,VG_LE3P5,FI	6 	12 	14 	13 	10 	9 	11 	9 	9 	10 	9 	12 	3 	12 	14 	15 	12 	9 	16 	9 
NR,VG_LE3P5,FR	92 	99 	130 	120 	142 	132 	145 	134 	146 	144 	134 	131 	120 	56 	59 	77 	77 	77 	75 	139 
NR,VG_LE3P5,HR	4 	9 	5 	5 	5 	2 	15 	10 	5 	: 	: 	: 	: 	: 	: 	: 	: 	: 	: 	: 
NR,VG_LE3P5,HU	25 	24 	15 	17 	25 	17 	20 	30 	24 	28 	33 	47 	36 	44 	41 	31 	: 	: 	: 	: 
NR,VG_LE3P5,IE	: 	: 	5 	5 	5 	12 	10 	17 	8 	13 	16 	25 	16 	18 	19 	19 	17 	20 	10 	16 
NR,VG_LE3P5,IS	4 	1 	0 	0 	1 	1 	1 	0 	0 	1 	0 	0 	2 	1 	1 	0 	1 	: 	: 	: 
NR,VG_LE3P5,IT	139 	64 	58 	118 	109 	102 	118 	117 	141 	: 	: 	: 	: 	: 	: 	: 	: 	: 	74 	98 
NR,VG_LE3P5,LT	: 	: 	: 	1 	2 	1 	: 	: 	: 	: 	: 	: 	: 	: 	: 	: 	: 	: 	: 	: 
NR,VG_LE3P5,LU	1 	1 	1 	6 	0 	0 	1 	1 	: 	: 	: 	: 	: 	: 	: 	: 	: 	: 	: 	: 
NR,VG_LE3P5,LV	2 	1 	2 	3 	6 	5 	4 	2 	0 	5 	2 	: 	: 	2 	3 	: 	: 	: 	: 	: 
NR,VG_LE3P5,MT	0 	0 	0 	0 	: 	: 	: 	: 	0 	0 	0 	0 	0 	5 	: 	: 	: 	: 	: 	: 
NR,VG_LE3P5,NL	21 	21 	24 	15 	7 	15 	16 	18 	22 	24 	31 	35 	21 	20 	14 	55 	36 	42 	52 	45 
NR,VG_LE3P5,NO	: 	2 	1 	4 	1 	9 	9 	5 	9 	5 	7 	10 	11 	6 	12 	5 	15 	9 	: 	: 
NR,VG_LE3P5,PT	: 	55 	41 	46 	49 	61 	48 	76 	88 	66 	83 	67 	93 	116 	100 	131 	135 	134 	154 	143 
NR,VG_LE3P5,RO	73 	64 	63 	77 	67 	61 	72 	64 	73 	87 	114 	105 	124 	116 	71 	68 	73 	89 	61 	52 
NR,VG_LE3P5,SE	12 	5 	6 	10 	8 	5 	16 	10 	7 	7 	11 	9 	9 	11 	5 	13 	8 	15 	13 	14 
NR,VG_LE3P5,SI	0 	0 	0 	0 	0 	5 	5 	1 	2 	6 	3 	3 	2 	8 	6 	3 	3 	5 	1 	: 
NR,VG_LE3P5,SK	: 	: 	: 	: 	: 	: 	: 	: 	1 	1 	2 	2 	3 	9 	3 	2 	2 	5 	: 	: 
NR,VG_LE3P5,UK	38 	41 	51 	34 	34 	39 	34 	35 	37 	40 	47 	63 	55 	57 	67 	74 	72 	68 	70 	66 
